State_PUMA,Borough,AGEGROUPSD,AGEGROUPS,Age65Plus,Age18,MUTU,MUTUD,EDUCD_Recode,EDUCD_College,ENGAbility,LANX,NATIVITY,PovertyLevel,DisabilityAgeGroups,CLASSWKR_DCP,id
3604008,3,8,5,2,2,3,3,3,2,3,2,1,2,3,0,1
3603903,5,10,5,2,2,1,1,3,2,1,1,1,2,3,2,2
3603903,5,8,5,2,2,1,1,2,2,1,1,1,2,3,1,3
3603903,5,6,3,2,2,1,1,4,3,1,1,1,2,3,1,4
3603903,5,5,2,2,2,1,1,2,,1,1,1,2,2,1,5
3603903,5,5,2,2,2,1,1,3,,1,1,1,2,2,1,6
3604110,4,7,4,2,2,3,3,3,2,1,1,1,2,3,1,7
3603806,1,13,6,1,2,1,1,5,3,1,1,1,1,4,0,8
3603808,1,6,3,2,2,1,1,5,3,1,1,2,2,3,1,9
3603902,5,7,4,2,2,1,1,4,3,1,1,1,2,3,3,10
3603902,5,7,4,2,2,1,1,4,3,1,1,1,2,3,1,11
3603902,5,2,1,2,1,1,1,1,,1,1,1,2,1,0,12
3603902,5,2,1,2,1,1,1,1,,1,1,1,2,1,0,13
3603902,5,1,1,2,1,1,1,0,,0,0,1,2,1,0,14
3604009,3,6,3,2,2,2,2,5,3,1,1,2,2,3,1,15
3604009,3,6,3,2,2,2,2,3,2,3,2,1,2,3,1,16
3604102,4,6,3,2,2,3,3,2,2,3,2,1,1,3,1,17
3604102,4,11,6,1,2,3,3,1,1,4,2,2,1,4,0,18
3603705,2,8,5,2,2,3,3,4,3,3,2,1,2,3,1,19
3604004,3,11,6,1,2,1,1,5,3,1,1,2,2,4,1,20
3603806,1,10,5,2,2,1,1,5,3,1,1,1,1,3,0,21
3604111,4,11,6,1,2,1,1,5,3,4,2,2,2,4,2,22
3604112,4,7,4,2,2,6,8,5,3,1,1,1,2,3,1,23
3604112,4,2,1,2,1,3,3,1,,1,1,1,2,1,0,24
3604001,3,13,6,1,2,1,1,2,2,1,1,1,2,4,0,25
3604001,3,10,5,2,2,1,1,2,2,1,1,1,2,3,0,26
3604111,4,8,5,2,2,3,3,2,2,4,2,2,2,3,1,27
3604111,4,6,3,2,2,3,3,2,2,4,2,2,2,3,1,28
3604111,4,6,3,2,2,3,3,2,2,3,2,2,2,3,1,29
3604111,4,6,3,2,2,3,3,4,3,3,2,2,2,3,1,30
3604111,4,6,3,2,2,3,3,2,2,3,2,2,2,3,1,31
3604111,4,5,2,2,2,3,3,2,,4,2,2,2,2,3,32
3604111,4,2,1,2,1,3,3,1,,3,2,2,2,1,0,33
3604111,4,1,1,2,1,3,3,1,,0,0,1,2,1,0,34
3604102,4,12,6,1,2,1,1,3,2,1,1,1,2,4,1,35
3603807,1,8,5,2,2,4,4,4,3,3,2,1,2,3,1,36
3604109,4,7,4,2,2,1,1,2,2,4,2,1,2,3,1,37
3604006,3,6,3,2,2,2,2,3,2,1,1,1,2,3,1,38
3604006,3,8,5,2,2,2,2,2,2,1,1,2,2,3,1,39
3604110,4,8,5,2,2,1,1,3,2,3,2,1,2,3,1,40
3604112,4,8,5,2,2,2,2,2,2,1,1,2,2,3,1,41
3604112,4,3,1,2,1,2,2,1,,1,1,1,2,1,0,42
3604112,4,12,6,1,2,2,2,4,3,1,1,2,2,4,0,43
3604112,4,12,6,1,2,2,2,1,1,1,1,2,2,4,0,44
3604104,4,7,4,2,2,4,4,4,3,3,2,2,2,3,1,45
3604104,4,7,4,2,2,4,4,4,3,3,2,2,2,3,1,46
3604104,4,3,1,2,1,4,4,1,,1,1,1,2,1,0,47
3604104,4,2,1,2,1,4,4,1,,1,1,1,2,1,0,48
3604009,3,11,6,1,2,3,3,5,3,4,2,1,2,4,0,49
3604009,3,12,6,1,2,3,3,5,3,3,2,1,2,4,0,50
3604003,3,9,5,2,2,2,2,3,2,1,1,2,2,3,1,51
3604003,3,6,3,2,2,2,2,4,3,1,1,1,2,3,1,52
3604101,4,9,5,2,2,1,1,5,3,1,1,1,2,3,1,53
3604004,3,7,4,2,2,2,2,2,2,1,1,2,1,3,0,54
3604007,3,7,4,2,2,3,3,2,2,3,2,1,1,3,0,55
3603801,1,6,3,2,2,1,1,2,2,1,1,1,2,3,1,56
3603801,1,6,3,2,2,3,3,3,2,1,1,1,1,3,3,57
3603801,1,2,1,2,1,3,3,1,,1,1,1,1,1,0,58
3603710,2,4,2,2,2,2,2,2,,1,1,1,,2,0,59
3604103,4,11,6,1,2,1,1,3,2,1,1,1,2,4,2,60
3604103,4,9,5,2,2,3,3,3,2,1,1,1,2,3,1,61
3604109,4,7,4,2,2,4,4,3,2,1,1,2,2,3,1,62
3604109,4,4,1,2,1,4,4,1,,1,1,1,2,1,0,63
3604109,4,3,1,2,1,4,4,1,,1,1,1,2,1,0,64
3603902,5,8,5,2,2,6,8,4,3,4,2,1,2,3,1,65
3603902,5,7,4,2,2,6,8,3,2,4,2,2,2,3,1,66
3603902,5,5,2,2,2,6,8,3,,3,2,1,2,2,1,67
3603902,5,4,2,2,2,6,8,1,,3,2,1,2,2,0,68
3603902,5,11,6,1,2,6,8,1,1,3,2,2,2,4,0,69
3604016,3,11,6,1,2,1,1,5,3,3,2,2,2,4,3,70
3604016,3,11,6,1,2,1,1,4,3,3,2,2,2,4,1,71
3604016,3,8,5,2,2,1,1,4,3,3,2,1,2,3,0,72
3604009,3,12,6,1,2,2,2,4,3,1,1,2,2,4,0,73
3604009,3,7,4,2,2,2,2,2,2,1,1,2,2,3,2,74
3604104,4,8,5,2,2,1,1,3,2,1,1,1,2,3,1,75
3604104,4,8,5,2,2,1,1,3,2,1,1,1,2,3,0,76
3603710,2,9,5,2,2,2,2,2,2,1,1,1,1,3,0,77
3603710,2,6,3,2,2,2,2,1,1,1,1,1,1,3,0,78
3603710,2,2,1,2,1,2,2,1,,1,1,1,1,1,0,79
3603710,2,2,1,2,1,2,2,1,,1,1,1,1,1,0,80
3603903,5,11,6,1,2,2,2,4,3,1,1,2,2,4,0,81
3603903,5,4,1,2,1,2,2,1,,1,1,2,2,1,0,82
3603903,5,6,3,2,2,2,2,3,2,1,1,2,2,3,1,83
3603705,2,6,3,2,2,3,3,2,2,3,2,1,2,3,1,84
3603705,2,3,1,2,1,3,3,1,,1,1,1,2,1,0,85
3603701,2,7,4,2,2,2,2,5,3,3,2,2,1,3,3,86
3603701,2,7,4,2,2,2,2,4,3,3,2,2,1,3,1,87
3603701,2,2,1,2,1,2,2,1,,1,1,1,1,1,0,88
3603701,2,1,1,2,1,2,2,0,,0,0,1,1,1,0,89
3603701,2,1,1,2,1,2,2,0,,0,0,1,1,1,0,90
3603701,2,10,5,2,2,2,2,1,1,1,1,2,1,3,0,91
3604109,4,12,6,1,2,1,1,1,1,1,1,2,2,4,0,92
3604114,4,9,5,2,2,1,1,4,3,1,1,1,2,3,1,93
3604114,4,9,5,2,2,1,1,4,3,1,1,1,2,3,1,94
3604114,4,5,2,2,2,1,1,4,,1,1,1,2,2,1,95
3604112,4,8,5,2,2,3,3,3,2,4,2,2,2,3,1,96
3604112,4,11,6,1,2,3,3,1,1,4,2,2,2,4,0,97
3604112,4,5,2,2,2,3,3,3,,3,2,1,2,2,0,98
3604015,3,13,6,1,2,1,1,5,3,1,1,1,1,4,0,99
3604110,4,12,6,1,2,1,1,1,1,3,2,2,2,4,0,100
3603707,2,7,4,2,2,3,3,3,2,4,2,2,1,3,0,101
3603707,2,2,1,2,1,3,3,1,,3,2,1,1,1,0,102
3603707,2,1,1,2,1,3,3,0,,0,0,1,1,1,0,103
3603802,1,7,4,2,2,3,3,2,2,3,2,1,1,3,1,104
3603802,1,4,2,2,2,3,3,3,,3,2,1,1,2,0,105
3603808,1,10,5,2,2,2,2,3,2,4,2,2,2,3,2,106
3604001,3,6,3,2,2,1,1,4,3,1,1,1,2,3,3,107
3604001,3,6,3,2,2,1,1,4,3,1,1,1,2,3,1,108
3604001,3,6,3,2,2,1,1,5,3,1,1,1,2,3,1,109
3604001,3,6,3,2,2,1,1,4,3,1,1,1,2,3,3,110
3603903,5,8,5,2,2,1,1,4,3,1,1,1,2,3,1,111
3603903,5,3,1,2,1,1,1,1,,1,1,1,2,1,0,112
3604009,3,12,6,1,2,2,2,2,2,1,1,1,2,4,0,113
3604009,3,8,5,2,2,2,2,2,2,1,1,1,2,3,1,114
3604108,4,13,6,1,2,3,3,2,2,4,2,2,,4,0,115
3604105,4,10,5,2,2,5,7,1,1,1,1,2,1,3,0,116
3604105,4,10,5,2,2,5,7,1,1,1,1,2,1,3,0,117
3603704,2,11,6,1,2,3,3,3,2,3,2,1,2,4,2,118
3603704,2,11,6,1,2,3,3,1,1,4,2,1,1,4,0,119
3604111,4,7,4,2,2,1,1,5,3,3,2,1,2,3,2,120
3604111,4,7,4,2,2,1,1,4,3,1,1,1,2,3,1,121
3604105,4,6,3,2,2,2,2,2,2,1,1,1,2,3,1,122
3604105,4,3,1,2,1,2,2,1,,1,1,1,2,1,0,123
3604105,4,1,1,2,1,2,2,1,,0,0,1,2,1,0,124
3603901,5,13,6,1,2,1,1,2,2,1,1,1,2,4,0,125
3604016,3,9,5,2,2,1,1,1,1,4,2,2,2,3,1,126
3603808,1,5,2,2,2,1,1,3,,1,1,1,,2,0,127
3603809,1,8,5,2,2,2,2,2,2,1,1,1,2,3,0,128
3604109,4,7,4,2,2,4,4,1,1,4,2,2,1,3,1,129
3604109,4,6,3,2,2,4,4,1,1,4,2,2,1,3,0,130
3604109,4,2,1,2,1,4,4,1,,1,1,1,1,1,0,131
3604109,4,1,1,2,1,4,4,0,,0,0,1,1,1,0,132
3603901,5,13,6,1,2,1,1,2,2,1,1,1,2,4,0,133
3603901,5,11,6,1,2,1,1,2,2,1,1,1,2,4,0,134
3604018,3,11,6,1,2,1,1,3,2,4,2,2,2,4,1,135
3604018,3,7,4,2,2,1,1,3,2,4,2,2,2,3,1,136
3604012,3,8,5,2,2,4,4,1,1,4,2,2,2,3,1,137
3604012,3,8,5,2,2,4,4,1,1,4,2,2,2,3,1,138
3604012,3,5,2,2,2,4,4,3,,4,2,1,2,2,1,139
3604012,3,5,2,2,2,4,4,1,,4,2,1,2,2,1,140
3604012,3,2,1,2,1,4,4,1,,4,2,1,2,1,0,141
3604111,4,10,5,2,2,5,6,1,1,4,2,2,2,3,3,142
3604111,4,11,6,1,2,5,6,1,1,4,2,2,2,4,3,143
3604111,4,3,1,2,1,5,6,1,,3,2,2,2,1,0,144
3604010,3,9,5,2,2,2,2,4,3,1,1,2,2,3,1,145
3604010,3,11,6,1,2,2,2,2,2,1,1,2,2,4,1,146
3604104,4,7,4,2,2,1,1,2,2,1,1,1,2,3,1,147
3604104,4,7,4,2,2,1,1,3,2,1,1,1,2,3,1,148
3604104,4,3,1,2,1,1,1,1,,1,1,1,2,1,0,149
3604104,4,3,1,2,1,1,1,1,,1,1,1,2,1,0,150
3603803,1,7,4,2,2,3,3,1,1,3,2,1,1,3,0,151
3604105,4,11,6,1,2,6,8,2,2,3,2,2,2,4,1,152
3604105,4,9,5,2,2,6,8,1,1,4,2,2,2,3,1,153
3604105,4,7,4,2,2,6,8,5,3,1,1,2,2,3,1,154
3604105,4,6,3,2,2,6,8,4,3,3,2,1,2,3,1,155
3604105,4,5,2,2,2,6,8,4,,1,1,1,2,2,0,156
3604105,4,6,3,2,2,6,8,1,1,4,2,2,2,3,1,157
3604105,4,6,3,2,2,6,8,1,1,1,1,2,2,3,0,158
3604105,4,1,1,2,1,6,8,0,,0,0,1,2,1,0,159
3604105,4,1,1,2,1,6,8,0,,0,0,1,2,1,0,160
3604105,4,1,1,2,1,6,8,0,,0,0,1,2,1,0,161
3604003,3,8,5,2,2,2,2,2,2,1,1,2,2,3,2,162
3604003,3,8,5,2,2,2,2,3,2,1,1,2,2,3,1,163
3604003,3,5,2,2,2,2,2,3,,1,1,2,2,2,0,164
3604003,3,4,2,2,2,2,2,1,,1,1,2,2,2,0,165
3603903,5,11,6,1,2,1,1,5,3,1,1,1,2,4,0,166
3604002,3,9,5,2,2,3,3,1,1,4,2,1,1,3,0,167
3603903,5,7,4,2,2,3,3,3,2,3,2,1,2,3,1,168
3603903,5,6,3,2,2,3,3,2,2,3,2,1,2,3,1,169
3603903,5,1,1,2,1,3,3,0,,0,0,1,2,1,0,170
3603903,5,1,1,2,1,3,3,0,,0,0,1,2,1,0,171
3604011,3,9,5,2,2,2,2,3,2,1,1,1,2,3,2,172
3604011,3,9,5,2,2,2,2,2,2,1,1,1,2,3,0,173
3604011,3,7,4,2,2,2,2,3,2,1,1,1,2,3,1,174
3603802,1,6,3,2,2,2,2,4,3,3,2,1,,3,1,175
3603709,2,7,4,2,2,3,3,3,2,4,2,2,1,3,1,176
3603709,2,2,1,2,1,3,3,1,,3,2,1,1,1,0,177
3604001,3,6,3,2,2,1,1,5,3,1,1,1,1,3,0,178
3604001,3,6,3,2,2,1,1,3,2,1,1,1,2,3,1,179
3604101,4,6,3,2,2,1,1,4,3,1,1,1,2,3,1,180
3604101,4,6,3,2,2,1,1,4,3,1,1,1,2,3,2,181
3604105,4,13,6,1,2,2,2,5,3,1,1,1,2,4,0,182
3604105,4,10,5,2,2,2,2,4,3,1,1,1,2,3,2,183
3604105,4,9,5,2,2,2,2,5,3,1,1,1,2,3,1,184
3604105,4,10,5,2,2,2,2,5,3,1,1,1,2,3,1,185
3603710,2,7,4,2,2,2,2,2,2,1,1,1,1,3,0,186
3603710,2,4,1,2,1,2,2,1,,1,1,1,1,1,0,187
3603710,2,1,1,2,1,2,2,1,,0,0,1,1,1,0,188
3604102,4,7,4,2,2,4,4,2,2,4,2,2,2,3,3,189
3603707,2,11,6,1,2,3,3,1,1,4,2,2,1,4,0,190
3604014,3,10,5,2,2,1,1,5,3,1,1,1,2,3,3,191
3604014,3,10,5,2,2,1,1,5,3,1,1,1,2,3,1,192
3604014,3,6,3,2,2,1,1,4,3,1,1,1,2,3,1,193
3604014,3,5,2,2,2,1,1,4,,1,1,1,2,2,1,194
3604111,4,8,5,2,2,4,4,4,3,4,2,2,2,3,1,195
3604111,4,12,6,1,2,4,4,1,1,4,2,2,2,4,0,196
3604111,4,11,6,1,2,4,4,3,2,4,2,2,2,4,0,197
3604111,4,7,4,2,2,4,4,2,2,3,2,1,2,3,1,198
3603807,1,6,3,2,2,4,4,4,3,1,1,2,2,3,1,199
3603807,1,5,2,2,2,4,4,4,,1,1,2,2,2,1,200
3604017,3,13,6,1,2,1,1,4,3,4,2,2,2,4,0,201
3604017,3,12,6,1,2,1,1,5,3,4,2,2,2,4,0,202
3603706,2,11,6,1,2,3,3,1,1,4,2,1,1,4,0,203
3603706,2,12,6,1,2,3,3,1,1,4,2,1,2,4,0,204
3604109,4,7,4,2,2,3,3,4,3,4,2,2,2,3,3,205
3604109,4,1,1,2,1,3,3,0,,0,0,1,2,1,0,206
3603701,2,8,5,2,2,2,2,4,3,3,2,2,1,3,1,207
3603705,2,9,5,2,2,2,2,3,2,1,1,1,2,3,2,208
3603705,2,10,5,2,2,2,2,2,2,4,2,2,2,3,1,209
3604009,3,12,6,1,2,2,2,2,2,1,1,2,2,4,0,210
3604009,3,9,5,2,2,2,2,3,2,1,1,2,2,3,1,211
3604009,3,4,2,2,2,2,2,2,,1,1,1,2,2,0,212
3604009,3,8,5,2,2,2,2,2,2,1,1,2,2,3,1,213
3604108,4,8,5,2,2,4,4,4,3,3,2,1,2,3,1,214
3604108,4,8,5,2,2,3,3,3,2,3,2,2,2,3,1,215
3604108,4,2,1,2,1,3,3,1,,3,2,1,2,1,0,216
3604108,4,12,6,1,2,3,3,2,2,3,2,1,2,4,1,217
3604108,4,10,5,2,2,3,3,3,2,4,2,2,2,3,1,218
3604108,4,6,3,2,2,3,3,1,1,3,2,1,2,3,0,219
3604108,4,12,6,1,2,3,3,4,3,1,1,1,1,4,0,220
3604011,3,9,5,2,2,2,2,3,2,1,1,1,2,3,1,221
3603804,1,7,4,2,2,1,1,2,2,3,2,2,,3,0,222
3604108,4,8,5,2,2,1,1,5,3,4,2,2,2,3,0,223
3604108,4,8,5,2,2,1,1,5,3,4,2,2,2,3,2,224
3604108,4,5,2,2,2,1,1,3,,3,2,2,2,2,0,225
3603808,1,8,5,2,2,4,4,5,3,4,2,2,2,3,3,226
3603808,1,7,4,2,2,4,4,3,2,4,2,2,2,3,0,227
3604004,3,9,5,2,2,1,1,5,3,1,1,2,2,3,1,228
3604004,3,7,4,2,2,1,1,5,3,1,1,1,2,3,3,229
3604101,4,6,3,2,2,1,1,4,3,4,2,2,1,3,0,230
3604101,4,6,3,2,2,1,1,4,3,4,2,2,1,3,0,231
3604102,4,6,3,2,2,3,3,1,1,4,2,2,1,3,1,232
3604102,4,2,1,2,1,3,3,1,,3,2,1,1,1,0,233
3604102,4,2,1,2,1,3,3,1,,3,2,1,1,1,0,234
3604102,4,5,2,2,2,3,3,2,,4,2,2,2,2,1,235
3604009,3,12,6,1,2,3,3,3,2,4,2,1,2,4,0,236
3603701,2,6,3,2,2,3,3,4,3,1,1,1,2,3,1,237
3603701,2,1,1,2,1,3,3,0,,0,0,1,2,1,0,238
3604110,4,11,6,1,2,1,1,3,2,1,1,1,2,4,0,239
3604110,4,11,6,1,2,1,1,3,2,1,1,1,2,4,0,240
3604102,4,12,6,1,2,5,5,2,2,1,1,1,2,4,0,241
3604102,4,12,6,1,2,5,5,2,2,1,1,1,2,4,0,242
3604102,4,8,5,2,2,5,5,5,3,1,1,1,2,3,1,243
3604009,3,10,5,2,2,1,1,2,2,1,1,1,2,3,1,244
3604009,3,10,5,2,2,1,1,2,2,1,1,1,2,3,1,245
3604009,3,7,4,2,2,1,1,1,1,1,1,1,2,3,0,246
3604009,3,2,1,2,1,1,1,1,,1,1,1,2,1,0,247
3604009,3,7,4,2,2,1,1,2,2,1,1,1,1,3,1,248
3603807,1,6,3,2,2,2,2,3,2,1,1,1,1,3,0,249
3604004,3,5,2,2,2,1,1,3,,1,1,1,,2,1,250
3604110,4,8,5,2,2,1,1,4,3,4,2,2,2,3,3,251
3604110,4,1,1,2,1,1,1,1,,0,0,1,2,1,0,252
3604110,4,8,5,2,2,1,1,4,3,4,2,2,2,3,1,253
3604014,3,12,6,1,2,1,1,1,1,4,2,2,1,4,0,254
3604014,3,11,6,1,2,1,1,4,3,4,2,2,1,4,0,255
3604009,3,8,5,2,2,1,1,3,2,1,1,1,1,3,0,256
3604103,4,13,6,1,2,1,1,2,2,1,1,1,2,4,0,257
3604013,3,12,6,1,2,1,1,4,3,1,1,1,2,4,0,258
3604013,3,13,6,1,2,1,1,1,1,1,1,2,2,4,0,259
3603703,2,6,3,2,2,6,8,2,2,1,1,1,1,3,1,260
3603703,2,2,1,2,1,2,2,1,,1,1,1,1,1,0,261
3603703,2,1,1,2,1,2,2,1,,0,0,1,1,1,0,262
3604110,4,8,5,2,2,1,1,4,3,1,1,1,2,3,2,263
3604110,4,8,5,2,2,1,1,3,2,1,1,1,2,3,0,264
3604110,4,4,1,2,1,1,1,1,,1,1,1,2,1,1,265
3603810,1,6,3,2,2,4,4,5,3,1,1,1,,3,0,266
3604105,4,11,6,1,2,2,2,2,2,1,1,2,2,4,0,267
3604105,4,12,6,1,2,2,2,1,1,1,1,2,2,4,1,268
3604105,4,7,4,2,2,2,2,5,3,1,1,1,2,3,2,269
3603902,5,10,5,2,2,1,1,3,2,1,1,1,2,3,2,270
3603902,5,11,6,1,2,1,1,2,2,1,1,1,2,4,2,271
3603809,1,5,2,2,2,1,1,4,,1,1,1,2,2,1,272
3603809,1,5,2,2,2,1,1,2,,1,1,1,2,2,3,273
3603809,1,1,1,2,1,1,1,0,,0,0,1,2,1,0,274
3603804,1,7,4,2,2,1,1,4,3,3,2,2,2,3,2,275
3603804,1,3,1,2,1,1,1,1,,3,2,1,2,1,0,276
3603804,1,3,1,2,1,1,1,1,,3,2,1,2,1,0,277
3604016,3,11,6,1,2,3,3,2,2,3,2,1,2,4,0,278
3604016,3,11,6,1,2,3,3,2,2,3,2,1,2,4,0,279
3604008,3,8,5,2,2,2,2,2,2,1,1,2,2,3,3,280
3604109,4,11,6,1,2,3,3,2,2,1,1,1,2,4,0,281
3603704,2,8,5,2,2,3,3,1,1,3,2,1,2,3,1,282
3603704,2,5,2,2,2,3,3,1,,1,1,1,2,2,1,283
3603804,1,5,2,2,2,1,1,1,,1,1,1,1,2,0,284
3604013,3,6,3,2,2,1,1,3,2,3,2,2,2,3,1,285
3604013,3,6,3,2,2,1,1,4,3,3,2,2,2,3,1,286
3604013,3,8,5,2,2,1,1,4,3,4,2,2,2,3,1,287
3603802,1,10,5,2,2,3,3,1,1,4,2,2,1,3,0,288
3603802,1,11,6,1,2,3,3,1,1,4,2,2,1,4,0,289
3604108,4,10,5,2,2,4,4,4,3,4,2,2,1,3,1,290
3603810,1,8,5,2,2,1,1,3,2,3,2,2,2,3,1,291
3603810,1,6,3,2,2,1,1,3,2,1,1,1,2,3,1,292
3603810,1,1,1,2,1,1,1,0,,0,0,1,2,1,0,293
3604013,3,9,5,2,2,1,1,3,2,1,1,1,2,3,1,294
3604111,4,8,5,2,2,3,3,2,2,4,2,2,2,3,1,295
3604111,4,8,5,2,2,3,3,2,2,4,2,2,2,3,1,296
3604111,4,3,1,2,1,3,3,1,,3,2,1,2,1,0,297
3604111,4,3,1,2,1,3,3,1,,3,2,1,2,1,0,298
3603810,1,10,5,2,2,3,3,5,3,1,1,1,2,3,2,299
3603810,1,10,5,2,2,1,1,5,3,1,1,1,2,3,0,300
3603810,1,5,2,2,2,3,3,4,,1,1,1,2,2,1,301
3604108,4,12,6,1,2,1,1,4,3,1,1,1,2,4,0,302
3603902,5,9,5,2,2,1,1,3,2,1,1,1,2,3,2,303
3603709,2,8,5,2,2,2,2,2,2,1,1,1,2,3,2,304
3603706,2,8,5,2,2,3,3,1,1,4,2,2,2,3,1,305
3603706,2,6,3,2,2,3,3,2,2,3,2,2,2,3,1,306
3603706,2,6,3,2,2,3,3,2,2,3,2,1,2,3,1,307
3603706,2,5,2,2,2,3,3,2,,3,2,1,2,2,1,308
3603706,2,9,5,2,2,3,3,1,1,4,2,2,2,3,1,309
3603802,1,8,5,2,2,1,1,5,3,1,1,1,2,3,1,310
3603802,1,8,5,2,2,1,1,5,3,1,1,1,2,3,1,311
3603802,1,3,1,2,1,1,1,1,,1,1,1,2,1,0,312
3603802,1,2,1,2,1,1,1,1,,1,1,1,2,1,0,313
3604006,3,7,4,2,2,3,3,3,2,3,2,1,2,3,1,314
3604006,3,7,4,2,2,2,2,4,3,1,1,1,2,3,1,315
3604016,3,8,5,2,2,1,1,2,2,1,1,1,2,3,1,316
3604016,3,5,2,2,2,1,1,4,,1,1,1,2,2,1,317
3604016,3,11,6,1,2,1,1,1,1,3,2,1,2,4,0,318
3604001,3,7,4,2,2,3,3,3,2,3,2,1,2,3,1,319
3604001,3,2,1,2,1,3,3,1,,1,1,1,2,1,0,320
3604001,3,8,5,2,2,3,3,1,1,3,2,1,2,3,0,321
3604003,3,6,3,2,2,2,2,5,3,1,1,1,2,3,1,322
3604101,4,8,5,2,2,1,1,5,3,1,1,1,2,3,1,323
3604101,4,7,4,2,2,1,1,5,3,1,1,1,2,3,1,324
3604101,4,2,1,2,1,1,1,1,,1,1,1,2,1,0,325
3604101,4,1,1,2,1,1,1,1,,0,0,1,2,1,0,326
3604101,4,1,1,2,1,1,1,1,,0,0,1,2,1,0,327
3604106,4,7,4,2,2,2,2,4,3,3,2,2,2,3,1,328
3604106,4,7,4,2,2,2,2,4,3,1,1,2,2,3,1,329
3604106,4,1,1,2,1,2,2,0,,0,0,1,2,1,0,330
3604017,3,7,4,2,2,3,3,4,3,4,2,2,1,3,1,331
3604017,3,7,4,2,2,3,3,2,2,4,2,1,1,3,0,332
3603903,5,11,6,1,2,2,2,4,3,1,1,1,2,4,0,333
3604103,4,8,5,2,2,4,4,2,2,4,2,2,2,3,0,334
3604103,4,8,5,2,2,4,4,2,2,4,2,2,2,3,1,335
3604103,4,12,6,1,2,4,4,1,1,4,2,2,2,4,0,336
3604107,4,6,3,2,2,4,4,4,3,3,2,1,2,3,1,337
3604001,3,7,4,2,2,4,4,1,1,4,2,2,2,3,1,338
3604103,4,5,2,2,2,4,4,3,,4,2,2,2,2,0,339
3604007,3,11,6,1,2,2,2,1,1,1,1,1,1,4,0,340
3604007,3,9,5,2,2,2,2,1,1,1,1,1,1,3,0,341
3604105,4,8,5,2,2,2,2,5,3,1,1,2,2,3,2,342
3604105,4,9,5,2,2,2,2,2,2,1,1,2,2,3,1,343
3604105,4,4,2,2,2,2,2,2,,1,1,2,2,2,1,344
3604105,4,4,1,2,1,2,2,1,,1,1,2,2,1,0,345
3604105,4,3,1,2,1,2,2,1,,1,1,2,2,1,0,346
3603710,2,10,5,2,2,3,3,2,2,4,2,2,1,3,3,347
3604009,3,8,5,2,2,2,2,4,3,1,1,2,2,3,3,348
3604009,3,2,1,2,1,2,2,1,,1,1,1,,1,0,349
3604009,3,2,1,2,1,2,2,1,,1,1,1,,1,0,350
3604009,3,1,1,2,1,2,2,1,,0,0,1,,1,0,351
3604005,3,4,1,2,1,3,3,1,,3,2,1,,1,0,352
3604106,4,7,4,2,2,4,4,4,3,4,2,2,2,3,1,353
3604106,4,6,3,2,2,4,4,4,3,3,2,2,2,3,1,354
3604018,3,13,6,1,2,1,1,2,2,4,2,2,1,4,0,355
3604008,3,7,4,2,2,2,2,4,3,1,1,2,2,3,1,356
3604008,3,10,5,2,2,2,2,2,2,3,2,1,2,3,0,357
3604008,3,5,2,2,2,2,2,2,,1,1,1,2,2,0,358
3604008,3,3,1,2,1,2,2,1,,1,1,1,2,1,0,359
3604008,3,2,1,2,1,2,2,1,,1,1,1,2,1,0,360
3604008,3,5,2,2,2,2,2,2,,1,1,1,2,2,0,361
3603902,5,9,5,2,2,1,1,4,3,1,1,1,2,3,1,362
3603902,5,8,5,2,2,1,1,5,3,1,1,1,2,3,1,363
3603902,5,6,3,2,2,1,1,5,3,4,2,1,2,3,1,364
3603902,5,5,2,2,2,1,1,3,,1,1,1,2,2,1,365
3603803,1,11,6,1,2,2,2,2,2,1,1,1,2,4,2,366
3604102,4,8,5,2,2,3,3,1,1,4,2,2,2,3,1,367
3604001,3,11,6,1,2,1,1,3,2,1,1,1,2,4,0,368
3604001,3,7,4,2,2,1,1,2,2,1,1,1,2,3,0,369
3604015,3,6,3,2,2,1,1,5,3,3,2,1,2,3,1,370
3604106,4,13,6,1,2,2,2,2,2,1,1,1,,4,0,371
3603705,2,6,3,2,2,2,2,2,2,1,1,1,2,3,1,372
3603705,2,1,1,2,1,2,2,1,,0,0,1,2,1,0,373
3603705,2,6,3,2,2,2,2,3,2,1,1,1,2,3,1,374
3603706,2,8,5,2,2,3,3,3,2,3,2,2,2,3,1,375
3603706,2,6,3,2,2,3,3,4,3,3,2,2,2,3,0,376
3603706,2,3,1,2,1,3,3,1,,3,2,1,2,1,0,377
3603706,2,3,1,2,1,3,3,1,,3,2,1,2,1,0,378
3603706,2,1,1,2,1,3,3,1,,0,0,1,2,1,0,379
3604107,4,9,5,2,2,3,3,4,3,4,2,2,2,3,1,380
3604107,4,8,5,2,2,3,3,2,2,4,2,2,2,3,0,381
3604107,4,4,1,2,1,4,4,1,,3,2,2,2,1,0,382
3604107,4,4,1,2,1,4,4,1,,3,2,2,2,1,0,383
3604010,3,10,5,2,2,2,2,3,2,1,1,2,2,3,1,384
3604010,3,5,2,2,2,2,2,3,,1,1,1,2,2,0,385
3604010,3,2,1,2,1,2,2,1,,1,1,1,2,1,0,386
3603801,1,11,6,1,2,2,2,1,1,1,1,1,2,4,0,387
3604112,4,11,6,1,2,2,2,3,2,1,1,1,2,4,0,388
3604112,4,11,6,1,2,2,2,2,2,1,1,1,2,4,0,389
3603701,2,12,6,1,2,3,3,1,1,4,2,2,1,4,0,390
3604016,3,7,4,2,2,1,1,5,3,3,2,2,2,3,1,391
3604016,3,6,3,2,2,1,1,3,2,1,1,1,2,3,1,392
3604016,3,1,1,2,1,1,1,1,,0,0,1,2,1,0,393
3604016,3,1,1,2,1,1,1,0,,0,0,1,2,1,0,394
3604006,3,7,4,2,2,1,1,3,2,3,2,2,1,3,1,395
3604006,3,1,1,2,1,1,1,0,,0,0,1,1,1,0,396
3604006,3,7,4,2,2,1,1,2,2,1,1,1,2,3,1,397
3604112,4,12,6,1,2,2,2,3,2,1,1,1,2,4,0,398
3604112,4,7,4,2,2,2,2,2,2,1,1,1,2,3,1,399
3604112,4,6,3,2,2,2,2,2,2,1,1,1,2,3,2,400
3604112,4,5,2,2,2,2,2,2,,1,1,1,2,2,1,401
3604105,4,6,3,2,2,4,4,5,3,3,2,2,2,3,1,402
3604105,4,6,3,2,2,4,4,5,3,3,2,2,2,3,1,403
3604105,4,1,1,2,1,4,4,0,,0,0,1,2,1,0,404
3604003,3,9,5,2,2,2,2,5,3,1,1,1,2,3,1,405
3604003,3,9,5,2,2,2,2,4,3,1,1,2,2,3,1,406
3603901,5,8,5,2,2,1,1,3,2,1,1,1,2,3,1,407
3603901,5,6,3,2,2,1,1,4,3,1,1,1,2,3,1,408
3603901,5,5,2,2,2,1,1,3,,1,1,1,2,2,1,409
3604114,4,4,1,2,1,2,2,1,,1,1,1,,1,0,410
3604004,3,6,3,2,2,1,1,5,3,3,2,2,2,3,3,411
3604004,3,6,3,2,2,4,4,4,3,3,2,2,2,3,1,412
3604004,3,1,1,2,1,6,8,0,,0,0,1,2,1,0,413
3603709,2,12,6,1,2,3,3,1,1,4,2,2,2,4,1,414
3603709,2,7,4,2,2,3,3,2,2,4,2,2,2,3,1,415
3603709,2,3,1,2,1,3,3,1,,3,2,2,2,1,0,416
3603709,2,2,1,2,1,3,3,1,,3,2,2,2,1,0,417
3603709,2,1,1,2,1,3,3,0,,0,0,1,2,1,0,418
3603709,2,7,4,2,2,3,3,2,2,4,2,2,2,3,1,419
3604017,3,8,5,2,2,3,3,3,2,4,2,1,2,3,2,420
3603709,2,8,5,2,2,2,2,2,2,1,1,1,1,3,0,421
3603709,2,4,2,2,2,2,2,1,,1,1,1,1,2,2,422
3603709,2,4,2,2,2,2,2,1,,1,1,1,1,2,0,423
3603706,2,12,6,1,2,3,3,1,1,4,2,2,2,4,3,424
3603902,5,7,4,2,2,1,1,3,2,3,2,2,2,3,1,425
3603902,5,7,4,2,2,1,1,3,2,4,2,2,2,3,1,426
3603902,5,3,1,2,1,1,1,1,,3,2,1,2,1,0,427
3603902,5,2,1,2,1,1,1,1,,3,2,1,2,1,0,428
3603903,5,9,5,2,2,3,3,2,2,1,1,1,2,3,1,429
3603903,5,9,5,2,2,1,1,2,2,1,1,1,2,3,1,430
3603802,1,11,6,1,2,1,1,4,3,1,1,1,2,4,0,431
3604109,4,11,6,1,2,1,1,4,3,1,1,1,2,4,1,432
3604004,3,11,6,1,2,1,1,2,2,1,1,1,,4,0,433
3603901,5,9,5,2,2,1,1,3,2,1,1,1,2,3,1,434
3603901,5,5,2,2,2,1,1,5,,1,1,1,2,2,1,435
3603901,5,5,2,2,2,1,1,3,,1,1,1,2,2,1,436
3603708,2,6,3,2,2,3,3,3,2,4,2,2,2,3,1,437
3603708,2,1,1,2,1,3,3,1,,0,0,1,2,1,0,438
3603708,2,5,2,2,2,3,3,3,,4,2,2,2,2,1,439
3603708,2,11,6,1,2,3,3,1,1,4,2,2,2,4,0,440
3603708,2,8,5,2,2,3,3,1,1,4,2,2,2,3,0,441
3604012,3,12,6,1,2,1,1,2,2,1,1,1,2,4,0,442
3604007,3,7,4,2,2,3,3,2,2,3,2,2,1,3,1,443
3604007,3,7,4,2,2,6,8,1,1,4,2,2,1,3,1,444
3604007,3,4,1,2,1,3,3,1,,3,2,1,1,1,0,445
3604007,3,4,1,2,1,3,3,1,,3,2,1,1,1,2,446
3604007,3,3,1,2,1,3,3,1,,3,2,1,1,1,0,447
3604007,3,3,1,2,1,3,3,1,,3,2,1,1,1,0,448
3604007,3,1,1,2,1,1,1,1,,0,0,1,1,1,0,449
3604007,3,6,3,2,2,3,3,4,3,1,1,1,1,3,1,450
3604103,4,11,6,1,2,4,4,2,2,4,2,2,1,4,0,451
3604105,4,11,6,1,2,2,2,2,2,1,1,2,2,4,2,452
3604002,3,10,5,2,2,3,3,1,1,4,2,1,1,3,0,453
3604002,3,4,2,2,2,3,3,3,,3,2,1,1,2,0,454
3604002,3,2,1,2,1,3,3,1,,3,2,1,1,1,0,455
3604110,4,7,4,2,2,3,3,5,3,3,2,1,2,3,1,456
3604110,4,6,3,2,2,3,3,3,2,1,1,1,2,3,0,457
3604110,4,1,1,2,1,3,3,1,,0,0,1,2,1,0,458
3604110,4,1,1,2,1,3,3,0,,0,0,1,2,1,0,459
3603903,5,11,6,1,2,1,1,2,2,4,2,2,2,4,0,460
3604103,4,12,6,1,2,3,3,5,3,3,2,2,2,4,0,461
3604103,4,12,6,1,2,3,3,2,2,4,2,2,2,4,0,462
3604017,3,10,5,2,2,1,1,2,2,4,2,2,2,3,3,463
3604009,3,13,6,1,2,2,2,1,1,1,1,1,2,4,0,464
3604009,3,12,6,1,2,2,2,4,3,1,1,1,2,4,0,465
3604001,3,7,4,2,2,1,1,3,2,1,1,1,2,3,1,466
3604001,3,7,4,2,2,3,3,2,2,3,2,1,2,3,1,467
3604008,3,8,5,2,2,2,2,3,2,1,1,2,2,3,1,468
3604008,3,7,4,2,2,1,1,2,2,1,1,2,2,3,1,469
3604008,3,3,1,2,1,1,1,1,,1,1,2,2,1,0,470
3604008,3,12,6,1,2,1,1,2,2,1,1,2,2,4,0,471
3604015,3,7,4,2,2,1,1,4,3,1,1,1,2,3,1,472
3604015,3,6,3,2,2,1,1,5,3,1,1,1,2,3,2,473
3604015,3,13,6,1,2,1,1,2,2,1,1,2,2,4,0,474
3604016,3,11,6,1,2,1,1,2,2,4,2,2,2,4,0,475
3604016,3,12,6,1,2,1,1,4,3,4,2,2,2,4,0,476
3603802,1,7,4,2,2,1,1,5,3,1,1,1,2,3,1,477
3603802,1,6,3,2,2,1,1,3,2,1,1,1,2,3,1,478
3603802,1,6,3,2,2,1,1,3,2,3,2,1,2,3,1,479
3604107,4,10,5,2,2,4,4,1,1,4,2,2,2,3,0,480
3604107,4,6,3,2,2,4,4,4,3,3,2,1,2,3,2,481
3604107,4,11,6,1,2,4,4,1,1,4,2,2,2,4,3,482
3604107,4,10,5,2,2,4,4,1,1,4,2,2,2,3,1,483
3604001,3,7,4,2,2,1,1,1,1,4,2,1,1,3,1,484
3604001,3,7,4,2,2,1,1,2,2,3,2,1,1,3,2,485
3604001,3,4,2,2,2,1,1,3,,4,2,1,1,2,0,486
3604001,3,4,1,2,1,1,1,1,,3,2,1,1,1,0,487
3604001,3,3,1,2,1,1,1,1,,4,2,1,1,1,0,488
3604001,3,2,1,2,1,1,1,1,,4,2,1,1,1,0,489
3604001,3,2,1,2,1,1,1,1,,4,2,1,1,1,0,490
3604001,3,1,1,2,1,1,1,1,,0,0,1,1,1,0,491
3603807,1,11,6,1,2,1,1,5,3,1,1,1,2,4,1,492
3603707,2,9,5,2,2,3,3,2,2,4,2,2,2,3,1,493
3603707,2,12,6,1,2,3,3,1,1,4,2,2,2,4,2,494
3604009,3,6,3,2,2,2,2,2,2,1,1,2,2,3,1,495
3604009,3,6,3,2,2,2,2,2,2,1,1,2,2,3,3,496
3603706,2,9,5,2,2,3,3,3,2,4,2,2,2,3,0,497
3603706,2,9,5,2,2,3,3,2,2,4,2,2,2,3,1,498
3603706,2,6,3,2,2,3,3,5,3,3,2,2,2,3,2,499
3603706,2,6,3,2,2,3,3,3,2,3,2,2,2,3,2,500
3603706,2,3,1,2,1,3,3,1,,1,1,1,2,1,0,501
3603706,2,1,1,2,1,3,3,1,,0,0,1,2,1,0,502
3603706,2,1,1,2,1,3,3,1,,0,0,1,2,1,0,503
3604112,4,7,4,2,2,2,2,3,2,1,1,1,1,3,1,504
3604009,3,11,6,1,2,1,1,5,3,1,1,1,2,4,0,505
3604009,3,11,6,1,2,1,1,5,3,1,1,1,2,4,1,506
3603803,1,7,4,2,2,2,2,2,2,1,1,1,1,3,2,507
3603803,1,3,1,2,1,2,2,1,,1,1,1,1,1,0,508
3603803,1,3,1,2,1,2,2,1,,1,1,1,1,1,0,509
3603803,1,1,1,2,1,2,2,0,,0,0,1,1,1,0,510
3604015,3,10,5,2,2,2,2,2,2,1,1,1,2,3,0,511
3604015,3,10,5,2,2,2,2,4,3,1,1,1,2,3,2,512
3604015,3,5,2,2,2,2,2,2,,1,1,1,2,2,1,513
3604015,3,5,2,2,2,2,2,2,,1,1,1,2,2,1,514
3604015,3,9,5,2,2,2,2,1,1,3,2,2,2,3,1,515
3604108,4,12,6,1,2,1,1,2,2,1,1,2,2,4,1,516
3604108,4,12,6,1,2,1,1,3,2,1,1,1,2,4,2,517
3603705,2,9,5,2,2,2,2,1,1,1,1,2,2,3,2,518
3603705,2,8,5,2,2,2,2,4,3,1,1,2,2,3,1,519
3603705,2,7,4,2,2,2,2,3,2,1,1,2,2,3,0,520
3603709,2,12,6,1,2,3,3,1,1,3,2,1,2,4,0,521
3603709,2,8,5,2,2,3,3,5,3,3,2,1,2,3,2,522
3603709,2,3,1,2,1,3,3,1,,1,1,1,2,1,0,523
3603709,2,8,5,2,2,3,3,4,3,3,2,1,2,3,2,524
3603804,1,6,3,2,2,2,2,3,2,1,1,1,1,3,0,525
3603804,1,2,1,2,1,2,2,1,,1,1,1,1,1,0,526
3603804,1,1,1,2,1,2,2,1,,0,0,1,1,1,0,527
3604002,3,10,5,2,2,3,3,2,2,4,2,2,2,3,0,528
3604002,3,6,3,2,2,3,3,2,2,4,2,2,2,3,1,529
3604002,3,3,1,2,1,3,3,1,,3,2,1,2,1,0,530
3604002,3,2,1,2,1,3,3,1,,3,2,1,2,1,0,531
3604002,3,6,3,2,2,3,3,2,2,4,2,2,2,3,0,532
3603704,2,7,4,2,2,3,3,3,2,3,2,1,2,3,2,533
3603704,2,4,1,2,1,3,3,1,,3,2,1,2,1,0,534
3604009,3,10,5,2,2,2,2,2,2,1,1,2,2,3,1,535
3604009,3,6,3,2,2,2,2,4,3,1,1,2,2,3,1,536
3604112,4,7,4,2,2,2,2,4,3,1,1,2,2,3,2,537
3603804,1,8,5,2,2,2,2,4,3,1,1,1,2,3,1,538
3603808,1,9,5,2,2,2,2,2,2,1,1,1,1,3,0,539
3604105,4,7,4,2,2,1,1,5,3,1,1,1,2,3,2,540
3604105,4,3,1,2,1,1,1,1,,1,1,1,2,1,0,541
3604105,4,3,1,2,1,1,1,1,,1,1,1,2,1,0,542
3604108,4,10,5,2,2,3,3,1,1,4,2,1,2,3,0,543
3604017,3,7,4,2,2,4,4,1,1,1,1,2,2,3,1,544
3604017,3,4,1,2,1,4,4,2,,3,2,1,2,1,1,545
3604017,3,3,1,2,1,4,4,1,,3,2,1,2,1,0,546
3604017,3,11,6,1,2,4,4,1,1,4,2,2,2,4,0,547
3604017,3,11,6,1,2,4,4,1,1,4,2,2,2,4,1,548
3604017,3,10,5,2,2,4,4,1,1,4,2,2,2,3,0,549
3603803,1,11,6,1,2,2,2,3,2,3,2,2,2,4,3,550
3604013,3,10,5,2,2,1,1,5,3,1,1,1,2,3,1,551
3604013,3,10,5,2,2,3,3,5,3,3,2,1,2,3,1,552
3603704,2,13,6,1,2,1,1,4,3,4,2,2,2,4,0,553
3603704,2,12,6,1,2,1,1,3,2,4,2,2,2,4,0,554
3604018,3,9,5,2,2,1,1,5,3,1,1,1,2,3,2,555
3604018,3,9,5,2,2,1,1,2,2,1,1,1,2,3,0,556
3604018,3,5,2,2,2,1,1,2,,1,1,1,2,2,2,557
3604018,3,4,1,2,1,1,1,1,,1,1,1,2,1,0,558
3604018,3,4,1,2,1,1,1,1,,1,1,1,2,1,0,559
3603803,1,6,3,2,2,4,4,4,3,4,2,2,2,3,2,560
3603803,1,7,4,2,2,4,4,1,1,4,2,2,2,3,1,561
3603803,1,2,1,2,1,4,4,1,,4,2,1,2,1,0,562
3603803,1,2,1,2,1,4,4,1,,4,2,1,2,1,0,563
3603802,1,8,5,2,2,1,1,5,3,1,1,1,1,3,3,564
3603802,1,6,3,2,2,1,1,4,3,1,1,1,1,3,1,565
3604007,3,7,4,2,2,3,3,4,3,3,2,1,2,3,1,566
3604007,3,12,6,1,2,3,3,1,1,1,1,2,2,4,0,567
3604106,4,7,4,2,2,2,2,2,2,1,1,1,2,3,1,568
3604106,4,3,1,2,1,2,2,1,,1,1,1,2,1,0,569
3603706,2,6,3,2,2,3,3,4,3,1,1,1,2,3,1,570
3603706,2,6,3,2,2,1,1,4,3,1,1,2,2,3,1,571
3603706,2,6,3,2,2,1,1,4,3,1,1,2,1,3,2,572
3603903,5,10,5,2,2,1,1,3,2,1,1,1,2,3,1,573
3604014,3,11,6,1,2,1,1,3,2,3,2,1,2,4,2,574
3604004,3,9,5,2,2,1,1,4,3,1,1,1,2,3,1,575
3604110,4,9,5,2,2,1,1,3,2,1,1,1,1,3,0,576
3604015,3,7,4,2,2,2,2,1,1,4,2,2,1,3,0,577
3603807,1,6,3,2,2,1,1,4,3,1,1,1,2,3,1,578
3603807,1,6,3,2,2,1,1,4,3,3,2,2,2,3,1,579
3604015,3,7,4,2,2,3,3,1,1,3,2,2,2,3,1,580
3604015,3,4,1,2,1,3,3,1,,4,2,2,2,1,0,581
3604015,3,4,2,2,2,3,3,1,,3,2,1,2,2,0,582
3604015,3,4,1,2,1,3,3,2,,3,2,1,2,1,0,583
3604102,4,11,6,1,2,1,1,5,3,1,1,1,2,4,1,584
3604102,4,8,5,2,2,1,1,5,3,3,2,2,2,3,1,585
3604104,4,7,4,2,2,4,4,2,2,4,2,2,2,3,1,586
3604104,4,7,4,2,2,4,4,2,2,4,2,2,2,3,0,587
3604104,4,3,1,2,1,4,4,1,,4,2,1,2,1,0,588
3604104,4,2,1,2,1,4,4,1,,4,2,1,2,1,0,589
3604103,4,8,5,2,2,3,3,1,1,4,2,2,2,3,1,590
3604103,4,8,5,2,2,3,3,4,3,3,2,2,2,3,1,591
3604101,4,6,3,2,2,1,1,3,2,1,1,1,2,3,1,592
3604101,4,6,3,2,2,5,5,3,2,1,1,1,1,3,1,593
3604005,3,7,4,2,2,1,1,2,2,1,1,1,2,3,3,594
3604004,3,9,5,2,2,2,2,3,2,1,1,1,1,3,0,595
3603803,1,7,4,2,2,2,2,4,3,1,1,1,2,3,2,596
3603803,1,5,2,2,2,2,2,3,,1,1,1,2,2,1,597
3603803,1,3,1,2,1,2,2,1,,1,1,1,2,1,0,598
3604018,3,12,6,1,2,1,1,1,1,1,1,1,2,4,0,599
3604018,3,12,6,1,2,1,1,3,2,1,1,1,2,4,0,600
3604014,3,11,6,1,2,1,1,2,2,3,2,2,2,4,4,601
3604014,3,11,6,1,2,1,1,1,1,3,2,2,2,4,0,602
3603806,1,6,3,2,2,1,1,4,3,1,1,1,2,3,3,603
3603806,1,6,3,2,2,3,3,4,3,3,2,1,2,3,1,604
3603810,1,6,3,2,2,1,1,4,3,1,1,1,2,3,1,605
3603810,1,6,3,2,2,1,1,5,3,1,1,1,2,3,1,606
3604006,3,6,3,2,2,2,2,2,2,1,1,1,1,3,0,607
3604012,3,7,4,2,2,4,4,1,1,4,2,2,1,3,0,608
3604012,3,8,5,2,2,4,4,2,2,4,2,2,1,3,1,609
3604012,3,3,1,2,1,4,4,1,,3,2,1,1,1,0,610
3604012,3,2,1,2,1,4,4,1,,3,2,1,1,1,0,611
3604001,3,7,4,2,2,1,1,3,2,3,2,1,1,3,1,612
3604001,3,7,4,2,2,1,1,2,2,3,2,1,1,3,1,613
3604001,3,4,2,2,2,1,1,2,,3,2,1,1,2,0,614
3604001,3,4,1,2,1,1,1,1,,3,2,1,1,1,0,615
3604001,3,4,1,2,1,1,1,1,,3,2,1,1,1,0,616
3604001,3,3,1,2,1,1,1,1,,3,2,1,1,1,0,617
3604008,3,6,3,2,2,2,2,3,2,3,2,2,1,3,3,618
3604008,3,5,2,2,2,2,2,1,,3,2,2,1,2,0,619
3604101,4,11,6,1,2,1,1,3,2,1,1,1,2,4,1,620
3603903,5,7,4,2,2,3,3,1,1,4,2,2,1,3,0,621
3603903,5,3,1,2,1,3,3,1,,3,2,2,1,1,0,622
3603903,5,6,3,2,2,3,3,1,1,4,2,2,1,3,1,623
3603903,5,7,4,2,2,3,3,1,1,4,2,2,2,3,1,624
3603804,1,7,4,2,2,3,3,1,1,4,2,1,1,3,0,625
3603704,2,11,6,1,2,1,1,2,2,1,1,1,2,4,0,626
3603704,2,11,6,1,2,1,1,3,2,1,1,2,2,4,0,627
3603709,2,7,4,2,2,3,3,3,2,4,2,2,2,3,1,628
3603709,2,8,5,2,2,3,3,3,2,3,2,2,2,3,1,629
3603709,2,5,2,2,2,3,3,3,,3,2,1,2,2,1,630
3603709,2,4,2,2,2,3,3,3,,3,2,1,2,2,0,631
3603709,2,3,1,2,1,3,3,1,,3,2,1,2,1,0,632
3603709,2,2,1,2,1,3,3,1,,3,2,1,2,1,0,633
3603709,2,8,5,2,2,3,3,3,2,4,2,2,2,3,0,634
3604016,3,11,6,1,2,1,1,2,2,1,1,1,2,4,0,635
3604016,3,10,5,2,2,1,1,3,2,1,1,1,2,3,1,636
3604016,3,13,6,1,2,1,1,1,1,1,1,1,2,4,0,637
3604104,4,8,5,2,2,1,1,4,3,3,2,1,2,3,2,638
3604104,4,4,2,2,2,3,3,3,,3,2,1,2,2,1,639
3603807,1,12,6,1,2,3,3,1,1,4,2,1,2,4,0,640
3604002,3,11,6,1,2,3,3,3,2,4,2,1,2,4,0,641
3604002,3,6,3,2,2,3,3,3,2,3,2,1,2,3,1,642
3604002,3,2,1,2,1,3,3,1,,3,2,1,2,1,0,643
3604110,4,9,5,2,2,1,1,2,2,1,1,1,2,3,1,644
3604110,4,8,5,2,2,1,1,2,2,1,1,1,2,3,0,645
3604110,4,6,3,2,2,1,1,2,2,1,1,1,2,3,1,646
3603901,5,9,5,2,2,1,1,3,2,1,1,1,2,3,1,647
3603901,5,10,5,2,2,1,1,1,1,1,1,1,2,3,0,648
3603901,5,6,3,2,2,1,1,2,2,1,1,1,2,3,1,649
3604101,4,7,4,2,2,1,1,4,3,3,2,2,2,3,1,650
3604101,4,8,5,2,2,3,3,4,3,3,2,2,2,3,1,651
3604108,4,8,5,2,2,1,1,3,2,1,1,1,1,3,0,652
3604108,4,11,6,1,2,4,4,4,3,4,2,2,1,4,1,653
3603805,1,7,4,2,2,1,1,5,3,1,1,1,2,3,1,654
3603805,1,7,4,2,2,1,1,4,3,1,1,1,2,3,1,655
3603805,1,1,1,2,1,1,1,0,,0,0,1,2,1,0,656
3603805,1,1,1,2,1,1,1,0,,0,0,1,2,1,0,657
3604112,4,12,6,1,2,2,2,4,3,1,1,1,2,4,0,658
3604112,4,11,6,1,2,2,2,4,3,3,2,1,2,4,0,659
3603804,1,12,6,1,2,2,2,3,2,1,1,1,2,4,0,660
3603804,1,8,5,2,2,2,2,2,2,1,1,1,2,3,2,661
3603809,1,6,3,2,2,1,1,5,3,1,1,1,2,3,2,662
3603809,1,6,3,2,2,1,1,4,3,1,1,2,2,3,1,663
3603809,1,6,3,2,2,1,1,4,3,1,1,1,2,3,1,664
3603806,1,11,6,1,2,1,1,3,2,1,1,1,2,4,0,665
3603806,1,10,5,2,2,1,1,3,2,1,1,1,2,3,2,666
3604014,3,7,4,2,2,1,1,1,1,1,1,1,1,3,0,667
3604109,4,6,3,2,2,1,1,4,3,1,1,1,2,3,1,668
3604109,4,6,3,2,2,1,1,3,2,1,1,1,2,3,1,669
3603802,1,4,2,2,2,4,4,3,,1,1,1,,2,0,670
3603801,1,5,2,2,2,1,1,3,,3,2,1,,2,0,671
3604101,4,6,3,2,2,1,1,5,3,1,1,1,2,3,1,672
3604101,4,6,3,2,2,1,1,4,3,1,1,1,2,3,1,673
3603903,5,9,5,2,2,3,3,5,3,3,2,1,2,3,1,674
3603903,5,6,3,2,2,3,3,4,3,3,2,1,2,3,1,675
3603903,5,6,3,2,2,3,3,3,2,3,2,1,2,3,1,676
3604103,4,7,4,2,2,4,4,1,1,4,2,2,2,3,1,677
3604103,4,7,4,2,2,4,4,1,1,4,2,2,2,3,1,678
3604103,4,2,1,2,1,4,4,1,,4,2,1,2,1,0,679
3604103,4,2,1,2,1,4,4,1,,4,2,1,2,1,0,680
3604112,4,6,3,2,2,2,2,3,2,1,1,2,2,3,2,681
3604112,4,8,5,2,2,2,2,2,2,1,1,2,2,3,2,682
3603801,1,8,5,2,2,3,3,1,1,4,2,2,1,3,1,683
3603710,2,8,5,2,2,2,2,1,1,4,2,1,2,3,0,684
3603710,2,4,1,2,1,2,2,1,,4,2,1,2,1,0,685
3604002,3,8,5,2,2,3,3,2,2,4,2,2,2,3,1,686
3603809,1,10,5,2,2,1,1,4,3,1,1,1,1,3,0,687
3603705,2,10,5,2,2,3,3,1,1,4,2,2,1,3,0,688
3603705,2,7,4,2,2,3,3,1,1,3,2,1,1,3,0,689
3604015,3,12,6,1,2,1,1,1,1,1,1,1,1,4,0,690
3604112,4,10,5,2,2,4,4,2,2,4,2,2,2,3,0,691
3604112,4,11,6,1,2,4,4,4,3,4,2,2,2,4,0,692
3604013,3,6,3,2,2,3,3,2,2,4,2,2,2,3,1,693
3604013,3,1,1,2,1,3,3,0,,0,0,1,2,1,0,694
3604013,3,6,3,2,2,3,3,2,2,4,2,2,2,3,1,695
3604013,3,7,4,2,2,3,3,1,1,4,2,2,2,3,1,696
3604013,3,6,3,2,2,3,3,1,1,4,2,2,1,3,1,697
3603806,1,11,6,1,2,1,1,5,3,1,1,1,2,4,3,698
3604014,3,11,6,1,2,1,1,3,2,1,1,1,2,4,1,699
3603810,1,6,3,2,2,1,1,5,3,1,1,1,2,3,1,700
3603810,1,6,3,2,2,1,1,5,3,3,2,2,2,3,1,701
3603903,5,9,5,2,2,2,2,2,2,1,1,1,2,3,1,702
3603903,5,9,5,2,2,2,2,2,2,1,1,1,2,3,1,703
3603903,5,6,3,2,2,2,2,3,2,1,1,1,2,3,1,704
3604103,4,12,6,1,2,1,1,1,1,4,2,2,2,4,0,705
3603706,2,10,5,2,2,2,2,4,3,3,2,2,2,3,1,706
3603706,2,10,5,2,2,2,2,3,2,3,2,2,2,3,1,707
3603706,2,5,2,2,2,2,2,3,,3,2,2,2,2,1,708
3603706,2,4,2,2,2,2,2,3,,3,2,2,2,2,1,709
3603706,2,4,1,2,1,2,2,1,,3,2,2,2,1,1,710
3603706,2,2,1,2,1,2,2,1,,3,2,1,2,1,0,711
3604111,4,10,5,2,2,4,4,3,2,3,2,2,2,3,1,712
3603702,2,12,6,1,2,1,1,2,2,4,2,2,2,4,0,713
3604001,3,6,3,2,2,3,3,5,3,1,1,1,2,3,1,714
3604001,3,6,3,2,2,1,1,4,3,1,1,2,2,3,1,715
3604015,3,7,4,2,2,3,3,2,2,4,2,2,2,3,1,716
3604015,3,7,4,2,2,3,3,2,2,4,2,2,2,3,1,717
3604015,3,4,1,2,1,3,3,2,,3,2,2,2,1,1,718
3604015,3,2,1,2,1,3,3,1,,3,2,1,2,1,0,719
3603809,1,6,3,2,2,3,3,2,2,3,2,1,1,3,0,720
3604102,4,5,2,2,2,3,3,4,,3,2,1,2,2,1,721
3604102,4,9,5,2,2,3,3,3,2,4,2,2,2,3,3,722
3603802,1,6,3,2,2,2,2,4,3,1,1,1,2,3,1,723
3604103,4,13,6,1,2,1,1,4,3,1,1,1,2,4,0,724
3604103,4,10,5,2,2,1,1,5,3,1,1,1,2,3,2,725
3604017,3,6,3,2,2,1,1,4,3,4,2,2,1,3,1,726
3604017,3,11,6,1,2,1,1,2,2,4,2,2,1,4,0,727
3604110,4,11,6,1,2,1,1,2,2,1,1,1,2,4,1,728
3604110,4,11,6,1,2,3,3,2,2,3,2,2,2,4,1,729
3603902,5,9,5,2,2,1,1,2,2,1,1,2,2,3,1,730
3603902,5,6,3,2,2,1,1,3,2,1,1,1,2,3,1,731
3603902,5,5,2,2,2,1,1,3,,1,1,1,2,2,1,732
3603902,5,6,3,2,2,1,1,3,2,1,1,1,2,3,1,733
3604101,4,6,3,2,2,1,1,4,3,1,1,1,2,3,1,734
3604101,4,5,2,2,2,1,1,4,,3,2,1,2,2,1,735
3603710,2,1,1,2,1,2,2,0,,0,0,1,,1,0,736
3604005,3,8,5,2,2,3,3,1,1,1,1,1,2,3,1,737
3603704,2,7,4,2,2,6,8,4,3,1,1,1,1,3,2,738
3603704,2,3,1,2,1,6,8,1,,1,1,1,1,1,0,739
3603704,2,3,1,2,1,6,8,1,,1,1,1,1,1,0,740
3603704,2,6,3,2,2,6,8,3,2,1,1,1,1,3,2,741
3603709,2,8,5,2,2,3,3,3,2,3,2,1,2,3,2,742
3603709,2,8,5,2,2,3,3,2,2,3,2,2,2,3,2,743
3603709,2,5,2,2,2,3,3,4,,3,2,1,2,2,2,744
3603709,2,4,2,2,2,3,3,3,,3,2,1,2,2,0,745
3604005,3,6,3,2,2,1,1,4,3,1,1,1,2,3,1,746
3604005,3,6,3,2,2,3,3,4,3,1,1,1,2,3,1,747
3603808,1,6,3,2,2,4,4,4,3,1,1,1,2,3,1,748
3603808,1,5,2,2,2,4,4,5,,1,1,1,2,2,1,749
3603805,1,6,3,2,2,4,4,5,3,3,2,2,2,3,1,750
3603805,1,6,3,2,2,4,4,4,3,3,2,1,2,3,1,751
3604113,4,8,5,2,2,3,3,4,3,3,2,1,2,3,0,752
3604113,4,8,5,2,2,3,3,3,2,3,2,1,2,3,1,753
3603703,2,5,2,2,2,1,1,3,,1,1,1,,2,1,754
3603710,2,1,1,2,1,2,2,0,,0,0,1,,1,0,755
3603709,2,7,4,2,2,3,3,2,2,1,1,1,2,3,1,756
3603709,2,3,1,2,1,3,3,1,,1,1,1,2,1,0,757
3603709,2,1,1,2,1,3,3,1,,0,0,1,2,1,0,758
3603705,2,7,4,2,2,3,3,2,2,4,2,2,2,3,2,759
3603705,2,5,2,2,2,3,3,2,,3,2,1,2,2,2,760
3603705,2,1,1,2,1,3,3,0,,0,0,1,2,1,0,761
3603803,1,9,5,2,2,2,2,3,2,1,1,1,2,3,1,762
3604114,4,9,5,2,2,4,4,1,1,3,2,2,2,3,1,763
3604114,4,10,5,2,2,4,4,1,1,3,2,2,2,3,1,764
3604114,4,6,3,2,2,4,4,3,2,3,2,2,2,3,1,765
3604013,3,8,5,2,2,1,1,4,3,3,2,2,2,3,1,766
3604013,3,8,5,2,2,1,1,3,2,4,2,2,2,3,0,767
3604013,3,13,6,1,2,1,1,4,3,4,2,2,2,4,0,768
3604110,4,12,6,1,2,1,1,5,3,1,1,2,2,4,0,769
3603802,1,5,2,2,2,1,1,3,,1,1,1,,2,0,770
3604015,3,10,5,2,2,1,1,5,3,1,1,1,2,3,1,771
3604015,3,10,5,2,2,1,1,5,3,1,1,1,2,3,1,772
3604015,3,6,3,2,2,1,1,5,3,1,1,1,2,3,1,773
3604015,3,5,2,2,2,1,1,2,,1,1,1,2,2,1,774
3604103,4,10,5,2,2,4,4,5,3,3,2,2,2,3,1,775
3604103,4,9,5,2,2,4,4,5,3,3,2,2,2,3,0,776
3604103,4,13,6,1,2,4,4,1,1,4,2,2,2,4,0,777
3603709,2,8,5,2,2,2,2,1,1,3,2,1,1,3,0,778
3603709,2,8,5,2,2,2,2,3,2,1,1,1,2,3,1,779
3604016,3,5,2,2,2,3,3,2,,3,2,1,1,2,0,780
3604006,3,8,5,2,2,1,1,4,3,1,1,1,2,3,3,781
3604006,3,8,5,2,2,6,8,4,3,1,1,1,2,3,1,782
3604006,3,3,1,2,1,6,8,1,,1,1,1,2,1,0,783
3604006,3,2,1,2,1,6,8,1,,1,1,1,2,1,0,784
3604109,4,8,5,2,2,1,1,2,2,1,1,1,2,3,1,785
3604015,3,6,3,2,2,1,1,4,3,1,1,1,2,3,1,786
3604015,3,7,4,2,2,1,1,5,3,1,1,1,2,3,1,787
3603902,5,13,6,1,2,3,3,4,3,1,1,1,2,4,0,788
3603902,5,13,6,1,2,1,1,2,2,1,1,1,2,4,0,789
3604112,4,8,5,2,2,4,4,4,3,4,2,2,2,3,2,790
3604112,4,7,4,2,2,4,4,4,3,3,2,2,2,3,0,791
3604112,4,2,1,2,1,4,4,1,,1,1,1,2,1,0,792
3604112,4,11,6,1,2,4,4,4,3,3,2,2,2,4,0,793
3604002,3,5,2,2,2,1,1,4,,1,1,1,1,2,3,794
3604002,3,5,2,2,2,4,4,4,,3,2,2,1,2,2,795
3604002,3,5,2,2,2,1,1,4,,1,1,1,2,2,3,796
3604102,4,7,4,2,2,4,4,3,2,4,2,2,2,3,1,797
3604102,4,7,4,2,2,4,4,2,2,4,2,2,2,3,1,798
3604102,4,3,1,2,1,4,4,1,,1,1,2,2,1,0,799
3604102,4,2,1,2,1,4,4,1,,3,2,2,2,1,0,800
3604102,4,1,1,2,1,4,4,1,,0,0,1,2,1,0,801
3604102,4,1,1,2,1,4,4,1,,0,0,2,2,1,0,802
3604102,4,7,4,2,2,4,4,1,1,4,2,2,2,3,1,803
3604102,4,7,4,2,2,4,4,2,2,4,2,2,2,3,0,804
3604102,4,11,6,1,2,4,4,5,3,4,2,2,2,4,1,805
3604102,4,11,6,1,2,4,4,1,1,4,2,2,2,4,1,806
3603705,2,5,2,2,2,3,3,2,,3,2,1,1,2,1,807
3604005,3,6,3,2,2,1,1,4,3,1,1,1,2,3,1,808
3604005,3,7,4,2,2,1,1,2,2,1,1,1,2,3,1,809
3604007,3,2,1,2,1,3,3,1,,1,1,1,,1,0,810
3604005,3,6,3,2,2,1,1,2,2,4,2,2,2,3,1,811
3604005,3,6,3,2,2,1,1,5,3,3,2,2,2,3,1,812
3604001,3,6,3,2,2,3,3,4,3,3,2,1,2,3,1,813
3604001,3,6,3,2,2,1,1,4,3,1,1,1,2,3,2,814
3603704,2,8,5,2,2,1,1,4,3,1,1,2,2,3,2,815
3603704,2,11,6,1,2,1,1,3,2,4,2,2,2,4,0,816
3603804,1,13,6,1,2,3,3,1,1,4,2,1,2,4,0,817
3603704,2,13,6,1,2,1,1,2,2,4,2,2,1,4,0,818
3604017,3,13,6,1,2,1,1,2,2,3,2,2,2,4,0,819
3604017,3,12,6,1,2,1,1,1,1,4,2,2,2,4,0,820
3604017,3,8,5,2,2,1,1,2,2,3,2,1,2,3,1,821
3604103,4,7,4,2,2,1,1,4,3,3,2,1,2,3,1,822
3604103,4,7,4,2,2,1,1,4,3,3,2,1,2,3,0,823
3604103,4,2,1,2,1,1,1,1,,3,2,1,2,1,0,824
3604103,4,2,1,2,1,1,1,1,,3,2,1,2,1,0,825
3604113,4,8,5,2,2,3,3,1,1,4,2,2,2,3,1,826
3604113,4,8,5,2,2,3,3,1,1,4,2,2,2,3,1,827
3604113,4,5,2,2,2,3,3,3,,3,2,2,2,2,1,828
3604113,4,5,2,2,2,3,3,2,,3,2,1,2,2,1,829
3604113,4,7,4,2,2,3,3,1,1,4,2,2,2,3,1,830
3604113,4,1,1,2,1,3,3,1,,0,0,1,2,1,0,831
3604010,3,8,5,2,2,2,2,4,3,1,1,1,2,3,1,832
3604010,3,6,3,2,2,2,2,4,3,1,1,1,2,3,1,833
3604010,3,3,1,2,1,2,2,1,,1,1,1,2,1,0,834
3604105,4,9,5,2,2,1,1,3,2,1,1,1,2,3,3,835
3604105,4,9,5,2,2,1,1,3,2,1,1,1,2,3,1,836
3604001,3,6,3,2,2,6,8,4,3,1,1,1,2,3,1,837
3603707,2,4,1,2,1,3,3,1,,3,2,1,1,1,0,838
3604011,3,10,5,2,2,2,2,2,2,1,1,1,2,3,0,839
3604110,4,12,6,1,2,1,1,2,2,1,1,1,2,4,0,840
3603706,2,8,5,2,2,4,4,1,1,4,2,2,2,3,3,841
3603706,2,6,3,2,2,4,4,4,3,3,2,2,2,3,1,842
3603706,2,1,1,2,1,4,4,1,,0,0,1,2,1,0,843
3603706,2,1,1,2,1,4,4,0,,0,0,1,2,1,0,844
3604108,4,11,6,1,2,1,1,4,3,4,2,2,2,4,1,845
3604108,4,10,5,2,2,1,1,3,2,4,2,2,2,3,0,846
3604105,4,11,6,1,2,1,1,2,2,1,1,2,2,4,1,847
3604105,4,11,6,1,2,1,1,2,2,1,1,2,2,4,1,848
3604013,3,8,5,2,2,1,1,3,2,1,1,1,2,3,1,849
3604013,3,7,4,2,2,1,1,4,3,1,1,1,2,3,3,850
3604013,3,11,6,1,2,1,1,2,2,1,1,1,2,4,1,851
3604013,3,10,5,2,2,2,2,1,1,3,2,1,2,3,1,852
3604014,3,10,5,2,2,1,1,3,2,3,2,1,2,3,0,853
3604014,3,11,6,1,2,1,1,3,2,3,2,1,2,4,4,854
3604014,3,6,3,2,2,1,1,1,1,3,2,1,2,3,0,855
3604014,3,6,3,2,2,1,1,1,1,3,2,1,2,3,0,856
3604014,3,5,2,2,2,1,1,1,,3,2,1,2,2,0,857
3604014,3,5,2,2,2,1,1,1,,3,2,1,2,2,0,858
3604101,4,8,5,2,2,1,1,3,2,4,2,2,2,3,1,859
3603808,1,9,5,2,2,1,1,2,2,1,1,1,2,3,1,860
3603708,2,6,3,2,2,2,2,3,2,1,1,2,2,3,1,861
3603708,2,3,1,2,1,2,2,1,,1,1,1,2,1,0,862
3603708,2,2,1,2,1,2,2,1,,1,1,1,2,1,0,863
3603808,1,10,5,2,2,1,1,3,2,1,1,1,2,3,0,864
3603808,1,7,4,2,2,1,1,5,3,3,2,1,2,3,1,865
3604103,4,12,6,1,2,1,1,2,2,1,1,1,2,4,0,866
3604103,4,12,6,1,2,1,1,2,2,1,1,1,2,4,0,867
3604109,4,6,3,2,2,6,8,5,3,1,1,1,2,3,1,868
3604109,4,7,4,2,2,4,4,5,3,1,1,1,2,3,1,869
3604109,4,1,1,2,1,4,4,0,,0,0,1,2,1,0,870
3604103,4,10,5,2,2,1,1,4,3,3,2,2,2,3,1,871
3604103,4,10,5,2,2,1,1,4,3,4,2,2,2,3,2,872
3604103,4,6,3,2,2,1,1,5,3,3,2,1,2,3,1,873
3604103,4,5,2,2,2,1,1,4,,3,2,1,2,2,2,874
3604007,3,7,4,2,2,3,3,2,2,3,2,2,2,3,1,875
3604007,3,8,5,2,2,3,3,3,2,4,2,2,2,3,1,876
3604007,3,4,1,2,1,3,3,1,,3,2,1,2,1,1,877
3604007,3,3,1,2,1,3,3,1,,3,2,2,2,1,0,878
3603903,5,6,3,2,2,5,7,3,2,1,1,1,2,3,2,879
3603903,5,6,3,2,2,5,7,3,2,1,1,1,2,3,1,880
3604007,3,8,5,2,2,2,2,3,2,1,1,1,1,3,0,881
3604004,3,6,3,2,2,1,1,4,3,4,2,1,2,3,1,882
3604004,3,7,4,2,2,1,1,3,2,4,2,2,2,3,1,883
3604012,3,11,6,1,2,1,1,2,2,3,2,1,2,4,3,884
3604012,3,11,6,1,2,1,1,2,2,1,1,1,2,4,3,885
3604101,4,10,5,2,2,1,1,2,2,1,1,1,2,3,1,886
3603810,1,12,6,1,2,6,8,1,1,1,1,1,1,4,0,887
3604101,4,10,5,2,2,2,2,2,2,1,1,1,2,3,2,888
3603803,1,7,4,2,2,2,2,2,2,1,1,1,1,3,2,889
3603803,1,4,1,2,1,2,2,1,,1,1,1,1,1,0,890
3603803,1,3,1,2,1,2,2,1,,1,1,1,1,1,0,891
3603704,2,12,6,1,2,1,1,1,1,4,2,2,2,4,0,892
3603704,2,10,5,2,2,1,1,3,2,1,1,2,2,3,1,893
3603701,2,6,3,2,2,3,3,1,1,4,2,2,1,3,1,894
3603701,2,5,2,2,2,3,3,3,,3,2,1,1,2,1,895
3603701,2,5,2,2,2,3,3,2,,3,2,1,1,2,0,896
3603701,2,1,1,2,1,3,3,1,,0,0,1,1,1,0,897
3603701,2,1,1,2,1,3,3,0,,0,0,1,1,1,0,898
3604011,3,12,6,1,2,2,2,3,2,1,1,1,1,4,0,899
3603807,1,7,4,2,2,1,1,4,3,1,1,1,2,3,3,900
3603807,1,2,1,2,1,1,1,1,,1,1,1,2,1,0,901
3603701,2,6,3,2,2,1,1,4,3,1,1,1,1,3,3,902
3603701,2,6,3,2,2,1,1,5,3,1,1,1,1,3,1,903
3603701,2,6,3,2,2,1,1,5,3,1,1,1,2,3,1,904
3604114,4,11,6,1,2,3,3,2,2,4,2,2,,4,0,905
3604015,3,7,4,2,2,1,1,5,3,1,1,2,2,3,2,906
3604015,3,1,1,2,1,1,1,0,,0,0,1,2,1,0,907
3604113,4,10,5,2,2,3,3,1,1,4,2,2,1,3,0,908
3604113,4,8,5,2,2,3,3,2,2,4,2,2,1,3,1,909
3604113,4,5,2,2,2,3,3,2,,3,2,1,1,2,1,910
3604113,4,4,2,2,2,3,3,1,,3,2,1,1,2,1,911
3604110,4,9,5,2,2,3,3,2,2,1,1,1,2,3,0,912
3604110,4,9,5,2,2,3,3,1,1,1,1,1,2,3,3,913
3604011,3,11,6,1,2,2,2,5,3,1,1,2,2,4,1,914
3604011,3,11,6,1,2,2,2,3,2,1,1,2,2,4,1,915
3604011,3,6,3,2,2,2,2,3,2,1,1,2,2,3,1,916
3604011,3,6,3,2,2,2,2,3,2,1,1,2,2,3,1,917
3604011,3,5,2,2,2,2,2,2,,1,1,2,2,2,1,918
3604009,3,7,4,2,2,2,2,2,2,1,1,1,2,3,2,919
3604009,3,7,4,2,2,2,2,2,2,1,1,1,2,3,1,920
3604009,3,4,2,2,2,2,2,1,,1,1,1,2,2,0,921
3604009,3,3,1,2,1,2,2,1,,1,1,1,2,1,0,922
3604009,3,3,1,2,1,2,2,1,,3,2,1,2,1,0,923
3603702,2,12,6,1,2,2,2,1,1,1,1,2,2,4,0,924
3603702,2,9,5,2,2,2,2,3,2,1,1,2,2,3,2,925
3603702,2,6,3,2,2,2,2,3,2,1,1,1,2,3,2,926
3603702,2,2,1,2,1,2,2,1,,1,1,1,2,1,0,927
3603702,2,1,1,2,1,2,2,0,,0,0,1,2,1,0,928
3604113,4,11,6,1,2,1,1,2,2,1,1,1,2,4,0,929
3604113,4,11,6,1,2,1,1,2,2,1,1,1,2,4,0,930
3604113,4,8,5,2,2,1,1,2,2,1,1,1,2,3,0,931
3603709,2,6,3,2,2,4,4,3,2,4,2,2,2,3,1,932
3603709,2,6,3,2,2,4,4,2,2,4,2,2,2,3,1,933
3603903,5,13,6,1,2,1,1,2,2,1,1,1,2,4,0,934
3604008,3,6,3,2,2,2,2,2,2,1,1,1,2,3,1,935
3604008,3,6,3,2,2,2,2,2,2,1,1,1,1,3,1,936
3604113,4,8,5,2,2,6,8,3,2,1,1,2,2,3,1,937
3604113,4,8,5,2,2,6,8,2,2,1,1,2,2,3,0,938
3604113,4,5,2,2,2,6,8,3,,1,1,2,2,2,1,939
3604113,4,5,2,2,2,6,8,2,,1,1,2,2,2,0,940
3604113,4,3,1,2,1,6,8,1,,1,1,1,2,1,0,941
3604113,4,11,6,1,2,2,2,2,2,1,1,2,2,4,1,942
3604113,4,9,5,2,2,6,8,3,2,1,1,2,1,3,3,943
3604113,4,8,5,2,2,2,2,2,2,1,1,1,2,3,1,944
3604113,4,7,4,2,2,2,2,3,2,1,1,1,1,3,1,945
3603807,1,13,6,1,2,6,8,3,2,1,1,1,2,4,0,946
3603809,1,11,6,1,2,2,2,5,3,1,1,1,2,4,0,947
3603805,1,9,5,2,2,1,1,4,3,1,1,1,1,3,0,948
3603802,1,6,3,2,2,2,2,4,3,1,1,1,,3,1,949
3603706,2,8,5,2,2,1,1,1,1,4,2,2,1,3,1,950
3603706,2,6,3,2,2,1,1,1,1,3,2,2,1,3,0,951
3604111,4,10,5,2,2,4,4,3,2,1,1,2,2,3,2,952
3604111,4,10,5,2,2,4,4,2,2,1,1,2,2,3,1,953
3604111,4,7,4,2,2,4,4,5,3,1,1,2,2,3,1,954
3603709,2,11,6,1,2,3,3,1,1,4,2,1,2,4,0,955
3603709,2,8,5,2,2,3,3,2,2,3,2,1,2,3,0,956
3603709,2,3,1,2,1,3,3,1,,3,2,1,2,1,0,957
3603709,2,3,1,2,1,3,3,1,,1,1,1,2,1,0,958
3603709,2,9,5,2,2,3,3,3,2,3,2,1,2,3,0,959
3604107,4,13,6,1,2,3,3,1,1,4,2,2,1,4,0,960
3604006,3,12,6,1,2,2,2,5,3,1,1,1,1,4,0,961
3604006,3,2,1,2,1,2,2,1,,1,1,1,,1,0,962
3603903,5,8,5,2,2,1,1,2,2,3,2,2,2,3,3,963
3603903,5,7,4,2,2,1,1,1,1,3,2,2,2,3,0,964
3603903,5,6,3,2,2,1,1,4,3,3,2,1,2,3,1,965
3603903,5,5,2,2,2,1,1,1,,3,2,1,2,2,0,966
3603903,5,5,2,2,2,1,1,3,,3,2,1,2,2,0,967
3603903,5,4,2,2,2,1,1,2,,3,2,1,2,2,0,968
3603810,1,6,3,2,2,1,1,5,3,1,1,1,1,3,1,969
3603810,1,6,3,2,2,1,1,5,3,1,1,1,2,3,1,970
3603810,1,6,3,2,2,1,1,4,3,1,1,1,2,3,1,971
3603902,5,11,6,1,2,1,1,4,3,1,1,1,2,4,0,972
3603902,5,11,6,1,2,1,1,4,3,1,1,1,2,4,0,973
3604108,4,13,6,1,2,1,1,1,1,3,2,2,1,4,0,974
3604101,4,12,6,1,2,2,2,2,2,1,1,1,2,4,0,975
3604010,3,7,4,2,2,2,2,3,2,1,1,2,2,3,2,976
3603703,2,8,5,2,2,2,2,1,1,4,2,2,1,3,3,977
3603703,2,6,3,2,2,2,2,3,2,4,2,2,1,3,1,978
3603703,2,2,1,2,1,2,2,1,,4,2,1,1,1,0,979
3603703,2,1,1,2,1,2,2,0,,0,0,1,1,1,0,980
3603703,2,1,1,2,1,2,2,0,,0,0,1,1,1,0,981
3604006,3,7,4,2,2,1,1,4,3,1,1,1,2,3,1,982
3604006,3,6,3,2,2,1,1,4,3,1,1,1,2,3,1,983
3603708,2,12,6,1,2,3,3,1,1,4,2,2,1,4,0,984
3604113,4,8,5,2,2,3,3,3,2,3,2,2,2,3,0,985
3604113,4,6,3,2,2,3,3,3,2,4,2,2,2,3,1,986
3604113,4,6,3,2,2,3,3,3,2,3,2,1,2,3,1,987
3604113,4,4,2,2,2,3,3,1,,3,2,1,2,2,0,988
3604113,4,3,1,2,1,3,3,1,,3,2,1,2,1,0,989
3604113,4,3,1,2,1,3,3,1,,3,2,1,2,1,0,990
3603901,5,7,4,2,2,1,1,5,3,1,1,1,2,3,2,991
3603901,5,7,4,2,2,1,1,5,3,1,1,1,2,3,2,992
3603901,5,2,1,2,1,1,1,1,,1,1,1,2,1,0,993
3603901,5,1,1,2,1,1,1,1,,0,0,1,2,1,0,994
3604105,4,11,6,1,2,2,2,3,2,1,1,1,2,4,1,995
3604105,4,11,6,1,2,2,2,3,2,1,1,1,2,4,1,996
3604105,4,11,6,1,2,2,2,3,2,1,1,1,2,4,2,997
3604013,3,13,6,1,2,1,1,2,2,1,1,1,2,4,0,998
3604002,3,7,4,2,2,3,3,3,2,3,2,1,2,3,1,999
3604002,3,4,1,2,1,3,3,1,,1,1,1,2,1,1,1000